eid,ename,gender
1,Jackie,Female
2,Dilly,Male
3,Fraze,Male
4,Mike,Male
5,Mireielle,Female
6,Prescott,Male
7,Viviana,Female
8,Roarke,Non-binary
9,Pate,Male
10,Odetta,Female
11,Brett,Male
12,Karlee,Female
13,Amalia,Female
14,Chet,Polygender
15,Selma,Female
16,Giorgi,Male
17,Syd,Male
18,Devin,Female
19,Whitby,Male
20,Alastair,Male
21,Arni,Male
22,Alida,Female
23,Dennet,Male
24,Jerrilee,Female
25,Harald,Male
26,Wendie,Female
27,Hildy,Bigender
28,Torry,Male
29,Mikael,Male
30,Carmel,Female
31,Aeriell,Female
32,Kesley,Agender
33,Janenna,Female
34,Cozmo,Male
35,Glen,Female
36,Irita,Female
37,Stephani,Female
38,Wash,Male
39,Alejandro,Male
40,Brand,Male
41,Trenna,Female
42,Shepperd,Male
43,Erek,Male
44,Lyman,Male
45,Blakeley,Female
46,Simon,Male
47,Nora,Female
48,Olvan,Male
49,Kipp,Male
50,Jasmina,Female
51,Carlyn,Female
52,Yule,Male
53,Estel,Female
54,Howey,Male
55,Annalise,Female
56,Dodie,Female
57,Alfredo,Male
58,Barnabe,Male
59,Trish,Female
60,Padraic,Genderfluid
61,Manda,Female
62,Marchelle,Female
63,Ag,Genderqueer
64,Nikita,Male
65,Riannon,Female
66,Dagny,Male
67,Glynn,Male
68,Letti,Female
69,Sven,Male
70,Lizabeth,Female
71,Kitti,Female
72,Osbert,Male
73,Karl,Male
74,Linzy,Female
75,Mellie,Female
76,Shirleen,Female
77,Mirabel,Female
78,Domenic,Bigender
79,Quinn,Female
80,Avril,Female
81,Artemas,Male
82,Den,Genderfluid
83,Patrice,Male
84,Madel,Female
85,Brod,Male
86,Harris,Male
87,Carmelina,Female
88,Cherey,Female
89,Karl,Non-binary
90,Agna,Female
91,Rosamund,Female
92,Sansone,Male
93,Dell,Female
94,Jeromy,Male
95,Raimondo,Male
96,Jorrie,Female
97,Richmond,Genderqueer
98,Heriberto,Male
99,Roi,Male
100,Wilden,Male
